"","nombres","altura","peso"
"1","juan1",62.49,60.75
"2","juan2",59.22,66.89
"3","juan3",63.65,56.49
"4","juan4",56.18,61.34
"5","juan5",50.37,62.76
"6","juan6",54.89,68.14
"7","juan7",50.78,67.93
"8","juan8",64.39,64.34
"9","juan9",68.86,67.77
"10","juan10",63.19,67.85
"11","juan11",52.45,62.13
"12","juan12",57.15,63.63
"13","juan13",54.17,68.73
"14","juan14",66.42,59.96
"15","juan15",56.28,63.64
"16","juan16",65.02,61.87
"17","juan17",56.67,71.28
"18","juan18",64.86,63.02
"19","juan19",55.88,66.98
"20","juan20",67.19,67.29
