"","nombres","x1","x2","x3"
"1","juan1",58.44,53.02,59.33
"2","juan2",55.76,56.42,59.44
"3","juan3",51.51,59.54,57.92
"4","juan4",62.01,58.95,59.99
"5","juan5",54.53,47.41,61.7
"6","juan6",58.55,60.25,61.57
"7","juan7",53.2,64.63,60.68
"8","juan8",65.48,64.73,54.04
"9","juan9",46.63,68.25,64.17
"10","juan10",57.38,59.57,56.58
"11","juan11",57.92,51.78,56.01
"12","juan12",63.47,72.82,61.49
"13","juan13",52.1,58.25,59.34
"14","juan14",58.11,61.15,55.95
"15","juan15",64.91,53.67,59.44
"16","juan16",56.21,64.47,60.17
"17","juan17",47.92,52.83,59.33
"18","juan18",49.06,54.43,63.18
"19","juan19",50.47,59.07,67.91
"20","juan20",65.01,54.67,54.86
